{
  "sigil": "a007735750b0655da7d347e87a639330520c8e963f5f5f8317efbe6a363bee4c",
  "registry_id": 227602917,
  "stability_score": 0.371586198173239,
  "generated_at": 1767376244.3374531
}