{
  "sigil": "5eb5aac6d842e8100d099091d51f7249977d739a876b23f5d640b01cbd222262",
  "registry_id": 227602917,
  "stability_score": 0.4392892458659483,
  "generated_at": 1767327417.810753
}