{
  "training_summary": {
    "total_workers": 2,
    "total_steps": 200,
    "average_final_loss": 0.029419521523944604,
    "duration_seconds": 16.051363,
    "steps_per_second": 12.460001060346091
  },
  "worker_results": [
    {
      "worker_id": 0,
      "steps": 100,
      "final_loss": 0.026811778404608376,
      "losses": [
        0.027558500924607463,
        0.027020957098698086,
        0.026190575376080126,
        0.027410880649513972,
        0.027059884938054217,
        0.027485673317623388,
        0.026948762124721765,
        0.02723622098381652,
        0.02682668406253562,
        0.02680936529859715,
        0.027284980888202626,
        0.027042901600110848,
        0.02682739833426743,
        0.027245044891945614,
        0.0264767535612873,
        0.02724303514609832,
        0.026431222462982903,
        0.0272223628526741,
        0.027330525934558907,
        0.026336590972958138,
        0.026387179527177836,
        0.026799303455721284,
        0.027580193665050025,
        0.026672607564772004,
        0.027214517191527846,
        0.02599290849608962,
        0.02712053622406084,
        0.02678335306763177,
        0.02718566652208284,
        0.0271669161876727,
        0.026616554514844376,
        0.026577637833996734,
        0.026783588821657347,
        0.026758049631009133,
        0.026672670700254614,
        0.026885932988712086,
        0.026507184055878152,
        0.02670212204374719,
        0.026603144694321228,
        0.02616014302842992,
        0.027134077067245615,
        0.026600422529281402,
        0.026972415670588692,
        0.026548056778762746,
        0.02694775062462674,
        0.027353427628868134,
        0.027214228269018325,
        0.02655912680004043,
        0.02693485500103567,
        0.027474407798096706,
        0.026153037961826747,
        0.02683106200498041,
        0.026806500647489878,
        0.02709304953758477,
        0.02777132024402705,
        0.026658986327585746,
        0.026929528877060915,
        0.026737654529646066,
        0.027169227176299788,
        0.02674687938801957,
        0.027266202502083413,
        0.025717751161532788,
        0.02721401976500074,
        0.026987900070410055,
        0.0265590160459518,
        0.026990753300426787,
        0.026641810682794934,
        0.026730936332376415,
        0.026823086419962026,
        0.026797749658733275,
        0.02670449604141795,
        0.027304884765094885,
        0.02637749359382146,
        0.026683449010855648,
        0.026597189166797628,
        0.026355787825529383,
        0.026614011666219125,
        0.0263358464130226,
        0.02627629909002106,
        0.02689977095632189,
        0.027280535152242706,
        0.027390213129964938,
        0.026873118727917186,
        0.02689686609640515,
        0.026534375915308682,
        0.025923388859334633,
        0.02701596640927726,
        0.027452031869576867,
        0.026010898011799694,
        0.026610490097350645,
        0.02617404225321084,
        0.026327329661649364,
        0.025895439609776073,
        0.026806566175432315,
        0.02626071835702538,
        0.026231469002993873,
        0.026940993926589486,
        0.026531819594654924,
        0.027361627705301362,
        0.02698694894059508
      ]
    },
    {
      "worker_id": 1,
      "steps": 100,
      "final_loss": 0.03202726464328083,
      "losses": [
        0.031239391175279355,
        0.03191552152754713,
        0.03189833520623684,
        0.03271047649924136,
        0.031081807455500203,
        0.032273308118675265,
        0.032309216244784444,
        0.032395570164150435,
        0.03281407059959061,
        0.031951201427207344,
        0.03296389962834982,
        0.0317498248798393,
        0.03251043153560898,
        0.032099263211911984,
        0.032057447715145224,
        0.03235164974158534,
        0.03161718711224179,
        0.03140341014939815,
        0.03237874580116136,
        0.031278837328954284,
        0.032730975803766924,
        0.03240500659142564,
        0.03203341518972473,
        0.03253622693212665,
        0.03171871768868555,
        0.031657450267447027,
        0.03248483323040742,
        0.03236720103973236,
        0.03210620527125465,
        0.03243225792298746,
        0.03186631315553872,
        0.03271829792234074,
        0.0321594749177964,
        0.031862031746522655,
        0.03264540443941368,
        0.03158509443603039,
        0.032049463720436724,
        0.031505332364607515,
        0.03230077964109901,
        0.03247678475276921,
        0.03271994696734324,
        0.03221417354753578,
        0.03149966345646919,
        0.03244711516161337,
        0.032166117670451834,
        0.0321156983942681,
        0.032782039305316514,
        0.03174868503025219,
        0.031340455640102294,
        0.03199189156559927,
        0.031891258759468875,
        0.03235871098738099,
        0.03149906862022905,
        0.03197365816163243,
        0.03206326539729521,
        0.03170338430841452,
        0.03243564134218587,
        0.03194237532476136,
        0.0321615677892842,
        0.03125624740321447,
        0.03174240621776983,
        0.031998714239386834,
        0.032009646382434455,
        0.03184922076978066,
        0.03208588874439073,
        0.031703304892507715,
        0.03182721104896317,
        0.03314620020444766,
        0.03252966910006631,
        0.03215078109704738,
        0.031859756722297815,
        0.032407463174915996,
        0.03224336173609669,
        0.032284278344167514,
        0.03167222864847026,
        0.03184750513332927,
        0.03237112123710133,
        0.032089443463487764,
        0.03209328732009111,
        0.031941477499402016,
        0.03188008364330657,
        0.031363070059061623,
        0.03162411967390297,
        0.03234421173277679,
        0.03185922468315711,
        0.0315184718444307,
        0.03148116089758729,
        0.03114110334308549,
        0.03181821120785689,
        0.031369138252952816,
        0.03213408952460001,
        0.031437261809675786,
        0.03198044926355996,
        0.03122015829189514,
        0.03207456261625942,
        0.03225257872767893,
        0.03197470871059725,
        0.033028105631328575,
        0.03156151010270614,
        0.03185945094616735
      ]
    }
  ],
  "metadata": {
    "trained_at": "2026-01-01T11:51:14.770480",
    "data_source": "~/SovereignCore/swarm_vjepa/data/filesystem_knowledge.json"
  }
}